                  epoch,         train/box_loss,         train/cls_loss,         train/dfl_loss,   metrics/precision(B),      metrics/recall(B),       metrics/mAP50(B),    metrics/mAP50-95(B),           val/box_loss,           val/cls_loss,           val/dfl_loss,                 lr/pg0,                 lr/pg1,                 lr/pg2
                      0,                  1.365,                  4.713,                0.99126,                0.85509,                0.75248,                0.83555,                0.50905,                 1.2407,                 1.2314,                0.91621,                0.07075,                0.00325,                0.00325
                      1,                 1.1876,                0.91146,                0.90045,                0.92525,                0.83168,                  0.903,                0.56284,                 1.2092,                0.79963,                0.89537,               0.039447,              0.0052798,              0.0052798
                      2,                 1.1682,                0.78095,                0.88396,                0.92334,                0.84158,                0.91563,                0.56699,                 1.1716,                0.84717,                0.89039,               0.006823,              0.0059897,              0.0059897
                      3,                 1.1074,                0.66775,                0.87535,                0.91575,                0.86096,                0.90054,                0.58155,                 1.1707,                0.67633,                0.89996,                0.00406,                0.00406,                0.00406
                      4,                 1.0562,                0.59154,                 0.8592,                0.92923,                0.85149,                0.91632,                 0.5788,                   1.17,                0.65602,                0.88351,                0.00406,                0.00406,                0.00406
